,city,Temperature,Longitude,Latitude,Cloudiness,Wind Speed,Humidity
0,albany,6.64,-73.9662,42.6001,0,1.63,62
1,keflavik,-0.76,-22.5624,64.0049,40,4.12,80
2,port-aux-francais,3.93,70.2167,-49.35,91,16.42,64
3,pisco,20.03,-76.2167,-13.7,0,2.57,88
4,houma,22.39,-90.7195,29.5958,40,4.12,84
5,barra de santo antonio,24.6,-35.5072,-9.4047,100,3.0,87
6,bengkulu,30.27,102.2655,-3.8004,18,1.04,66
7,tazovsky,-8.98,78.7,67.4667,100,7.62,94
8,bethel,13.39,-73.414,41.3712,20,5.66,48
9,touros,26.46,-35.4608,-5.1989,81,3.61,89
10,vilyuchinsk,1.08,158.4028,52.9306,100,2.68,99
11,camana,21.17,-72.7111,-16.6228,99,5.09,90
12,waitangi,12.68,-176.5597,-43.9535,96,2.24,74
13,labytnangi,-1.46,66.4183,66.6572,100,5.16,97
14,enewetak,27.62,162.3373,11.3474,37,7.18,79
15,kapuskasing,2.0,-82.4331,49.4169,100,3.6,64
16,masaka,17.38,31.7341,-0.3338,100,2.51,92
17,longyearbyen,-13.09,15.6401,78.2186,75,3.6,78
18,agat village,29.87,144.6585,13.3886,100,5.66,76
19,margaret river,23.99,115.0667,-33.95,0,0.56,47
20,winnemucca,11.03,-117.7357,40.973,75,2.06,62
21,korsakov,19.91,142.7813,46.6328,98,2.56,58
22,invercargill,12.23,168.35,-46.4,94,1.34,86
23,nova sintra,19.64,-24.7167,14.8667,1,6.9,85
24,grytviken,0.89,-36.5092,-54.2811,15,6.4,80
25,ancud,12.56,-73.8203,-41.8697,100,4.71,92
26,puerto ayora,24.84,-90.3518,-0.7393,83,1.78,87
27,avarua,27.03,-159.775,-21.2078,9,6.17,74
28,nieuw amsterdam,26.09,-55.0833,5.8833,69,3.9,91
29,nar'yan-mar,-7.72,53.087,67.6713,100,7.15,95
30,hassi messaoud,14.92,6.0729,31.6804,40,1.03,94
31,salinopolis,26.85,-47.3561,-0.6136,100,4.6,86
32,constantia,15.38,28.65,44.1833,65,4.49,69
33,edinburgh of the seven seas,15.64,-12.3116,-37.0676,100,12.17,73
34,pader palwo,19.3,33.135,2.8006,100,1.82,96
35,happy valley-goose bay,3.17,-60.3315,53.3168,40,1.03,70
36,rosarito,14.88,-117.0333,32.3333,0,4.12,73
37,dosso,27.72,3.1937,13.049,11,4.39,15
38,ar ruways,25.19,52.7306,24.1103,9,11.79,79
39,gaspe,1.12,-64.4819,48.8334,20,1.54,93
40,pithapuram,32.63,82.2667,17.1167,3,2.86,47
41,acarau,26.06,-40.12,-2.8856,23,3.01,87
42,ilulissat,-10.99,-51.1,69.2167,3,1.54,62
43,port mathurin,26.82,63.4167,-19.6833,44,6.38,75
44,kodiak,3.73,-152.4072,57.79,100,8.23,70
45,yellowknife,0.29,-114.3525,62.456,20,2.57,55
46,tiksi,-2.16,128.8694,71.6872,100,7.09,80
47,vorgashor,-1.78,63.95,67.5833,100,5.79,95
48,ceeldheer,27.98,47.1806,3.8488,100,4.65,82
49,castillos,22.16,-53.8333,-34.1667,100,5.15,98
50,isafjordur,-2.0,-23.124,66.0755,100,3.37,87
51,adamstown,22.2,-130.1015,-25.066,54,10.67,69
52,hasaki,22.22,140.8333,35.7333,100,8.69,66
53,katsuren-haebaru,25.63,127.8719,26.3369,100,4.12,82
54,cabedelo,26.37,-34.8339,-6.9811,63,3.93,87
55,ghat,18.24,10.1728,24.9647,0,3.66,28
56,puerto natales,7.59,-72.4875,-51.7236,99,1.06,90
57,kruisfontein,19.38,24.7314,-34.0033,26,1.99,97
58,piacabucu,26.01,-36.4344,-10.4056,32,3.13,88
59,mianyang,22.43,104.7542,31.4593,100,3.06,63
60,saynshand,15.57,110.1163,44.8824,91,6.52,17
61,san patricio,23.57,-97.5169,28.017,100,8.03,88
62,kourou,28.03,-52.6478,5.1552,99,4.6,89
63,saurimo,18.82,20.3916,-9.6608,67,1.86,98
64,muroto-misakicho,17.64,134.15,33.2833,100,5.3,96
65,hammerfest,-1.75,23.6821,70.6634,100,5.66,86
66,mogadishu,29.01,45.3438,2.0371,51,7.34,79
67,bilibino,-15.34,166.4372,68.0546,100,2.19,77
68,fale old settlement,27.81,-171.2468,-9.3852,100,3.67,80
69,nova vicosa,25.65,-39.3719,-17.8919,25,5.43,76
70,ballina,27.66,153.5667,-28.8667,82,4.17,58
71,st. john's,6.24,-52.7093,47.5649,75,10.29,87
72,blackmans bay,15.38,147.3167,-43.0167,93,0.45,55
73,new norfolk,15.98,147.0587,-42.7826,100,1.93,51
74,thompson,3.09,-97.8558,55.7435,75,2.06,65
75,anna regina,26.81,-58.5077,7.2644,69,5.22,79
76,afaahiti,27.93,-149.2833,-17.75,100,8.53,82
77,tommot,-0.79,126.2925,58.9564,99,0.52,90
78,codrington,13.96,141.9667,-38.2667,100,3.58,87
79,udachny,-0.86,112.4,66.4167,100,2.09,98
80,anaconda,9.55,-112.9423,46.1285,96,2.43,72
81,hawaiian paradise park,24.3,-154.9731,19.5933,100,3.09,89
82,saint-pierre,23.82,55.4781,-21.3393,100,5.66,88
83,an nuhud,23.33,28.4333,12.7,31,7.07,15
84,guajara mirim,23.4,-65.3394,-10.7828,100,1.04,97
85,san antonio de pale,27.74,5.6325,-1.4014,99,3.89,82
86,alofi,29.94,-169.9187,-19.0595,20,4.63,70
87,iqaluit,-14.67,-68.5145,63.7506,74,3.85,79
88,key west,23.26,-81.7826,24.5557,0,7.2,69
89,whitehorse,5.43,-135.0538,60.7161,0,4.63,28
90,olonkinbyen,-1.43,-8.7187,70.9221,50,7.0,73
91,kangding,17.89,101.9603,30.0513,97,0.57,48
92,pudozh,1.64,36.5345,61.8099,100,1.34,99
93,molchanovo,-3.23,83.7692,57.5817,8,1.22,62
94,aweil,26.03,27.4002,8.7682,100,1.69,64
95,college,5.88,-147.8028,64.8569,40,2.57,38
96,gautampura,32.02,75.5167,22.9833,7,5.98,28
97,marquette,1.93,-87.6335,46.5333,94,1.49,78
98,khandyga,-2.57,135.6,62.6667,74,1.32,75
99,limassol,16.04,33.0333,34.675,0,1.54,48
100,hermanus,17.67,19.2345,-34.4187,25,4.77,91
101,wingham,5.48,-81.3114,43.8879,3,2.58,81
102,port elizabeth,17.56,25.5701,-33.918,40,4.12,99
103,ramos arizpe,24.09,-100.9667,25.55,92,0.98,24
104,tamandare,25.93,-35.1047,-8.7597,91,2.26,89
105,fort st. john,-0.06,-120.8529,56.2499,100,9.26,86
106,wewak,29.97,143.6268,-3.5534,63,2.19,73
107,greymouth,14.95,171.2,-42.4667,58,1.41,70
108,jamestown,6.84,-79.2353,42.097,4,0.45,75
109,kudahuvadhoo,29.4,72.8944,2.6708,100,1.34,69
110,sao luiz gonzaga,21.62,-54.9608,-28.4083,90,2.42,99
111,port alfred,20.56,26.891,-33.5906,6,7.95,90
112,magumeri,29.27,12.8274,12.1131,100,0.61,11
113,nashik,31.67,73.8,19.9833,0,4.55,25
114,petropavlovsk-kamchatsky,0.25,158.6483,53.0452,75,4.0,94
115,kirkwood,22.95,-90.4068,38.5834,100,2.67,81
116,kone,27.67,164.8658,-21.0595,94,3.44,56
117,bredasdorp,17.74,20.0403,-34.5322,97,3.79,88
118,shenjiamen,14.95,122.298,29.9576,100,4.61,97
119,mahina,28.87,-149.489,-17.5065,75,3.6,70
120,khash,16.0,61.2158,28.2211,100,3.85,31
121,san jose de jachal,12.12,-68.7469,-30.2406,79,0.37,67
122,east ballina,27.11,153.5833,-28.8667,82,4.33,58
123,sarykemer,13.71,71.5,43.0,100,1.39,91
124,ushuaia,10.81,-68.3,-54.8,0,1.03,76
125,lihue,24.9,-159.3672,21.9789,75,3.6,62
126,perene,23.0,-75.2261,-10.9492,85,0.85,97
127,cabo san lucas,23.82,-109.9124,22.8909,0,6.26,65
128,kerikeri,23.84,173.9474,-35.2268,71,2.55,57
129,nanao,22.94,136.9667,37.05,87,2.05,55
130,cortez,2.11,-108.5859,37.3489,75,3.09,89
131,lloydminster,8.12,-110.0016,53.2835,75,6.69,61
132,polyarnyy,-3.46,33.4478,69.1989,99,9.33,69
133,formosa,19.42,-58.1781,-26.1775,98,0.89,99
134,aasiaat,-19.4,-52.8699,68.7098,20,3.87,95
135,uliastay,7.51,96.8444,47.7417,61,0.76,56
136,papao,28.82,-149.55,-17.75,100,9.23,81
137,west island,28.99,96.8225,-12.1568,40,7.72,84
138,carnarvon,28.89,113.6333,-24.8667,88,1.92,39
139,kuacjok,26.25,27.9903,8.3002,72,1.77,61
140,adrar,23.12,-10.0711,20.5022,0,3.88,17
141,opuwo,21.54,13.84,-18.0607,18,2.35,42
142,tutoia,25.54,-42.2744,-2.7619,74,3.42,91
143,punta arenas,8.06,-70.9167,-53.15,40,2.57,87
144,rosetta,17.8,30.4164,31.4044,25,3.47,76
145,santiago de cao,19.07,-79.2392,-7.9589,40,4.63,88
146,buenavista del norte,26.58,-16.861,28.3746,4,4.04,57
147,ingeniero jacobacci,11.95,-69.5448,-41.3427,86,7.3,59
148,scarborough,6.43,-0.4044,54.2797,96,2.68,86
149,ta`u,28.78,-169.5144,-14.2336,98,5.7,77
150,utrik,27.25,169.8474,11.2278,57,8.19,81
151,naze,22.08,129.4833,28.3667,73,0.55,83
152,sandnessjoen,-5.71,12.6316,66.0217,8,3.74,72
153,caribou,3.02,-68.012,46.8606,0,1.54,83
154,jirja,19.95,31.8916,26.3383,21,2.86,38
155,loikaw,33.12,97.2094,19.6742,0,2.01,27
156,as sulayyil,24.14,45.5779,20.4607,5,7.84,30
157,tweed heads,27.15,153.547,-28.1817,90,5.66,60
158,juneau,10.0,-134.4197,58.3019,20,1.54,25
159,tual,28.06,132.75,-5.6667,35,0.95,78
160,jesus maria,11.86,-64.0942,-30.9815,46,1.44,92
161,lebu,13.11,-73.65,-37.6167,94,4.39,94
162,ust-nera,-7.58,143.2,64.5667,89,1.23,73
163,dokshytsy,1.45,27.7689,54.8924,51,2.85,90
164,anadyr,-14.44,177.4833,64.75,15,10.0,71
165,haiku-pauwela,25.21,-156.3051,20.9219,0,8.23,68
166,winchester,7.05,-1.3187,51.0651,20,6.17,84
167,nabire,29.14,135.4833,-3.3667,97,2.07,71
168,coyhaique,10.97,-72.0662,-45.5752,0,1.54,71
169,la'ie,25.85,-157.9253,21.6477,0,1.79,66
170,concepcion,13.89,-73.0498,-36.827,100,3.6,94
171,lamballe,6.96,-2.5144,48.4676,18,7.73,84
172,south grafton,29.15,152.95,-29.7,4,1.24,45
173,uturoa,27.56,-151.4333,-16.7333,67,8.31,78
174,messaad,12.84,3.5031,34.1543,2,9.18,60
175,cockburn town,25.69,-71.1419,21.4612,2,8.69,79
176,passi,28.68,122.65,11.15,90,4.93,38
177,parnarama,23.72,-43.0933,-5.6817,47,0.44,98
178,mitrofanovka,9.74,39.6939,49.9708,100,1.26,90
179,saudarkrokur,-3.37,-19.6394,65.7461,100,3.74,97
180,middletown,16.75,-84.3983,39.5151,0,3.09,71
181,nemuro,6.99,145.575,43.3236,38,6.32,90
182,new plymouth,15.73,174.0833,-39.0667,7,6.0,82
183,namibe,22.31,12.1522,-15.1961,68,2.15,80
184,ribeira grande,17.1,-28.7,38.5167,100,4.92,93
185,nizhnesortymskiy,-3.33,71.7603,62.4397,95,7.16,85
186,isangel,29.06,169.2667,-19.55,75,3.09,61
187,arraial do cabo,24.72,-42.0278,-22.9661,96,9.0,84
188,chibougamau,-2.21,-74.3659,49.9168,100,2.57,80
189,ulsteinvik,2.83,5.8487,62.3432,99,1.79,79
190,belyy yar,3.94,91.3903,53.6039,75,4.0,60
191,flying fish cove,28.82,105.6791,-10.4217,100,5.66,78
192,souillac,24.21,57.5167,-20.5167,75,6.69,94
193,elkins,14.04,-79.8467,38.9259,0,0.0,90
194,cambuci,21.81,-41.9111,-21.5753,84,1.11,96
195,hithadhoo,28.99,73.0833,-0.6,100,5.17,74
196,monrovia,27.51,-10.7969,6.3005,12,2.71,90
197,chokwe,17.13,32.9833,-24.5333,0,1.42,86
198,taro,26.59,115.28,-8.3862,57,1.71,71
199,bikenibeu village,29.98,173.1241,1.3673,75,2.57,74
200,saskatoon,14.34,-106.6345,52.1168,75,7.72,37
201,gaalkacyo,25.99,47.4308,6.7697,37,2.91,82
202,yarmouth,11.73,-70.2286,41.7057,100,5.14,73
203,sao francisco do sul,22.73,-48.6381,-26.2433,77,2.25,97
204,phongsali,29.96,102.1058,21.6833,0,1.4,27
205,poso,29.75,120.7524,-1.3959,98,0.62,64
206,stanley,5.86,-1.6985,54.868,75,6.69,81
207,tura,32.94,90.2201,25.5198,42,3.36,33
208,gadzhiyevo,-3.43,33.3362,69.2551,100,9.83,68
209,ialibu,19.89,143.9935,-6.2821,97,1.03,87
210,papatowai,9.76,169.4708,-46.5619,100,1.81,91
211,kataba,17.46,44.3833,13.9833,16,0.83,84
212,neiafu,27.28,-173.9833,-18.65,87,6.6,81
213,susuman,-13.9,148.1667,62.7833,92,1.34,77
214,basco,26.76,121.9702,20.4487,0,2.98,76
215,egilsstadir,-1.05,-14.3948,65.2653,100,3.09,80
216,bodo,-1.93,14.405,67.28,0,2.06,81
217,jaicos,25.05,-41.1378,-7.3592,50,0.58,73
218,alice springs,25.75,133.8833,-23.7,10,7.72,18
219,longboat key,20.71,-82.659,27.4125,0,1.54,59
220,hermantown,8.07,-92.2383,46.8069,40,4.63,50
221,mullsjo,-0.07,19.7,63.7,100,3.77,88
222,talnakh,-18.19,88.3972,69.4865,98,1.37,94
223,inari,-2.24,27.0288,68.906,99,4.41,89
224,mili,28.19,171.735,6.0815,50,4.02,78
225,badger,6.75,-147.5333,64.8,40,2.57,34
226,tucuma,25.29,-50.05,-0.1833,100,2.05,95
227,swift current,15.45,-107.8014,50.2834,100,4.12,41
228,gannan,15.78,123.5031,47.9147,1,5.8,19
229,klyuchi,4.82,79.1667,52.2667,11,2.87,63
230,damboa,30.75,12.7576,11.156,94,1.56,17
231,dudinka,-21.45,86.1778,69.4058,99,3.24,97
232,rio grande,22.44,-52.0986,-32.035,100,9.67,97
233,annau,15.72,58.516,37.8876,40,1.03,55
234,akrehamn,1.3,5.1833,59.2667,20,0.0,80
235,chapadinha,23.32,-43.3603,-3.7417,68,1.07,99
236,siwa oasis,21.2,25.5195,29.2041,97,3.82,42
237,xianning,21.64,114.2167,29.8833,100,2.37,93
238,bamboo flat,31.4,92.7167,11.7,15,2.21,57
239,kapa'a,24.91,-159.319,22.0752,75,4.92,70
240,pembroke,7.99,-77.1162,45.8168,12,2.52,83
241,richards bay,18.76,32.0377,-28.783,90,2.7,90
242,oranjemund,14.19,16.4333,-28.55,0,1.95,74
243,hamilton,18.26,-84.5333,39.1834,0,1.54,66
244,san julian,23.14,-102.1667,21.0167,100,2.95,25
245,east london,19.52,27.9116,-33.0153,0,3.6,88
246,hede,22.64,120.2517,33.7681,8,5.28,49
247,chonchi,13.4,-73.8092,-42.6128,100,1.54,91
248,auriflama,22.69,-50.5547,-20.6856,100,2.88,78
249,zima,7.7,102.0442,53.9202,71,7.39,54
250,nema,3.83,50.5011,57.5067,48,3.57,90
251,idri,20.87,13.2667,27.5,2,7.32,24
252,machico,20.48,-16.7667,32.7,20,2.57,42
253,cova figueira,22.88,-24.2934,14.8905,0,3.48,64
254,smithers,5.18,-127.1743,54.7804,100,4.12,56
255,sierra grande,15.08,-65.3557,-41.606,100,5.56,95
256,nuuk,0.34,-51.7216,64.1835,100,5.66,100
257,al wajh,22.97,36.4525,26.2455,0,3.09,43
258,damghan,13.19,54.348,36.1683,68,0.55,44
259,sinabang,29.7,96.3801,2.4803,93,0.61,71
260,daru,29.68,143.2092,-9.0763,84,2.11,76
261,georgetown,29.75,100.3354,5.4112,20,2.06,79
262,mukalla,27.87,49.1242,14.5425,45,4.12,84
263,palmas,25.93,-48.3603,-10.2128,40,2.06,94
264,namtsy,-2.77,129.6658,62.7161,100,1.9,82
265,nandu,30.27,110.8233,22.8525,100,4.22,58
266,peniche,14.68,-9.3811,39.3558,76,7.89,90
267,asau,9.51,26.4,46.4333,94,3.56,58
268,atafu village,27.53,-172.5159,-8.5421,100,4.3,82
269,minas de marcona,16.29,-75.1103,-15.2119,79,6.38,91
270,malango,22.3,119.9001,-2.9627,100,0.17,94
271,jianshui,28.37,102.8264,23.6363,0,5.69,29
272,zeya,7.49,127.2667,53.75,25,2.68,61
273,ocean city,15.9,-74.5746,39.2776,27,0.89,80
274,muynoq,17.1,59.0214,43.7683,9,2.49,55
275,lompoc,11.56,-120.4579,34.6391,0,9.83,80
276,saipan,31.39,145.701,15.1355,40,6.17,62
277,ad dawadimi,12.64,44.3924,24.5077,4,7.99,72
278,mount gambier,17.59,140.7667,-37.8333,57,3.61,54
279,thunder bay,3.95,-89.3168,48.4001,0,0.51,65
280,fortuna,9.76,-124.1573,40.5982,75,5.66,86
281,prince rupert,6.97,-130.3201,54.3161,0,4.12,70
282,ketchikan,9.19,-131.6461,55.3422,0,3.09,49
283,yoichi,15.72,140.7703,43.2039,96,1.06,52
284,masterton,16.17,175.6575,-40.9597,0,2.21,41
285,luderitz,13.48,15.1594,-26.6481,0,2.4,77
286,las trojes,21.24,-85.9833,14.0667,95,1.49,88
287,aykhal,-0.88,111.5,66.0,100,1.6,99
288,yeppoon,27.88,150.7333,-23.1333,21,5.62,69
289,lodwar,28.09,35.5973,3.1191,100,6.83,63
290,cidreira,23.22,-50.2056,-30.1811,100,10.28,94
291,grand falls-windsor,6.39,-55.6649,48.9332,100,1.79,92
292,puerto palomas,16.22,-107.6167,31.7667,0,10.44,18
293,teknaf,31.6,92.3058,20.8624,35,1.64,45
294,wailua homesteads,24.2,-159.378,22.0669,75,4.92,70
295,bulgan,15.38,103.5347,48.8125,5,4.79,25
296,minjur,30.59,80.2667,13.2667,97,4.56,66
297,saint-junien,7.32,0.9,45.8833,38,2.17,96
298,sisimiut,-8.07,-53.6735,66.9395,70,4.86,55
299,loukhi,-3.81,33.0381,66.0764,100,6.34,93
300,korets,7.88,27.1605,50.6165,100,3.3,96
301,taoudenni,24.27,-3.9836,22.6783,0,2.13,21
302,port augusta,23.16,137.7667,-32.5,0,5.06,40
303,sinop,13.6,34.8709,41.7711,97,5.47,54
304,weno,27.97,151.8468,7.4515,100,3.09,89
305,tarawa,30.05,172.984,1.419,75,2.57,74
306,yuzhno-kurilsk,10.76,145.8556,44.0306,44,5.08,76
307,vilyuysk,-1.67,121.6247,63.7553,95,4.92,87
308,puerto baquerizo moreno,24.4,-89.6,-0.9,96,3.78,89
309,sokoni,25.36,39.55,-6.4333,100,6.25,83
310,thomaston,16.72,-84.3266,32.8882,0,0.0,70
311,gereida,23.81,25.1414,11.2811,10,5.34,14
312,karasburg,15.75,18.75,-28.0167,0,1.92,41
313,gorontalo,33.06,123.0595,0.5412,46,1.69,46
314,brisas de zicatela,27.66,-97.0419,15.8369,84,2.77,75
315,arawa,31.81,155.5367,-6.2132,79,1.43,62
316,sokhumi,13.26,41.0153,43.0033,42,2.35,70
317,rodeo,13.64,-122.2669,38.033,0,5.36,77
318,ojinaga,31.53,-104.4167,29.5667,0,8.75,10
319,northam,8.9,-4.2167,51.0333,77,10.68,85
320,mezzouna,17.49,9.8419,34.5776,98,4.17,72
321,ciudad lazaro cardenas,23.94,-102.2,17.9583,88,0.25,84
322,pont rouge,0.06,-72.0825,48.8833,98,3.66,88
323,val-d'or,0.05,-77.7828,48.1002,100,5.14,86
324,mermoz boabab,25.31,-17.4758,14.7065,0,6.25,56
325,konarka,32.87,86.1167,19.9,0,6.99,59
326,quepos,27.18,-84.1652,9.4236,11,1.12,76
327,brookings,18.35,-96.7984,44.3114,0,8.23,36
328,crane,25.05,-102.3501,31.3974,34,3.29,13
329,pecos,27.32,-103.4932,31.4229,2,6.17,3
330,prineville,6.93,-120.8345,44.2999,0,5.14,60
331,homnabad,32.68,77.1333,17.7667,22,5.2,27
332,navirai,22.4,-54.1906,-23.065,100,3.1,96
333,novyy turtkul',16.95,61.0167,41.55,75,2.35,30
334,dossor,14.07,52.9811,47.5272,100,8.02,75
335,ritchie,12.56,24.6028,-29.038,3,4.35,81
336,bassila,27.21,1.6654,9.0081,53,1.89,63
337,pedernales,27.0,-71.744,18.0384,80,1.16,76
338,zigong,23.93,104.7769,29.3416,100,2.58,68
339,phra phutthabat,33.09,100.7954,14.7253,5,5.02,70
340,milak,32.19,79.1833,28.6167,94,5.01,28
341,wynyard,17.46,145.7167,-41.0,72,4.08,46
342,sheridan,14.09,-106.9173,44.8333,100,5.66,56
343,yura,10.29,-71.6797,-16.2522,0,1.54,46
344,veraval,30.05,70.3667,20.9,6,4.73,52
345,ranong,33.96,98.6348,9.9658,55,1.29,53
346,le vauclin,27.03,-60.8388,14.5452,40,3.09,78
347,oamaru,13.54,170.9801,-45.0784,97,6.46,82
348,tanout,27.61,8.8879,14.9709,97,4.76,14
349,portage la prairie,9.39,-98.2926,49.9728,100,4.34,69
350,nadi,31.0,177.4167,-17.8,40,6.17,66
351,simenqian,28.48,110.8861,27.4872,66,1.69,69
352,debark',14.11,37.8981,13.1561,100,0.59,21
353,dryden,6.16,-92.7503,49.7833,20,3.09,56
354,newborough,7.09,-0.2233,52.6389,20,6.69,80
355,hadithah,21.23,42.3781,34.1397,1,3.07,52
356,el golaa,18.76,9.0068,33.4849,37,3.0,60
357,chacabuco,14.34,-60.4739,-34.6417,100,6.74,95
358,noosa heads,27.12,153.15,-26.3833,65,3.25,62
359,cascais,13.98,-9.4215,38.6979,98,10.73,87
360,namsos,-4.05,11.4957,64.4662,31,2.06,93
361,lashkar gah,17.95,64.3716,31.5938,67,1.2,36
362,coquimbo,14.85,-71.3436,-29.9533,0,1.54,82
363,kristiansund,2.36,7.732,63.1115,91,2.06,64
364,sungai besar,29.14,100.9867,3.6746,87,1.42,78
365,sao joao da barra,24.73,-41.0511,-21.6403,98,5.41,83
366,sao geraldo do araguaia,23.99,-48.555,-6.4006,49,1.1,96
367,port alberni,7.03,-124.8028,49.2413,95,2.68,80
368,humaita,25.43,-63.0208,-7.5061,100,0.75,93
369,sitka,8.94,-135.33,57.0531,0,6.17,49
370,horta,16.68,-28.6333,38.5333,100,4.92,93
371,lazaro cardenas,23.94,-102.2,17.9583,88,0.25,84
372,colimes,25.03,-80.0167,-1.55,100,1.41,91
373,saint-paul,23.93,55.2707,-21.0096,100,1.01,88
374,lerwick,5.0,-1.1494,60.1545,100,11.35,84
375,el bayadh,7.89,1.0193,33.6832,2,4.65,82
376,lamu,27.28,40.902,-2.2717,99,6.12,80
377,yanta,23.48,115.6672,36.2411,46,3.38,18
378,pagar alam,28.56,103.2667,-4.0167,29,1.58,65
379,nadym,-5.02,72.5167,65.5333,88,8.48,94
380,pacocha,21.05,-71.3333,-17.5833,77,4.57,84
381,grantsville,7.79,-112.4644,40.5999,100,3.6,80
382,bizerte,16.0,9.8739,37.2744,20,2.57,100
383,christchurch,18.56,172.6333,-43.5333,6,5.14,59
384,choyr,13.9,108.3611,46.3611,100,5.53,20
385,chelghoum el aid,10.56,6.1665,36.1629,67,2.12,93
386,morant bay,27.79,-76.4093,17.8815,9,4.5,86
387,merizo village,29.77,144.6691,13.2658,88,5.21,80
388,vadso,-1.91,29.7487,70.0744,75,9.26,80
389,arenapolis,25.11,-56.8461,-14.4503,100,1.72,87
390,george town,29.75,100.3354,5.4112,20,2.06,79
391,maua,21.9,-46.4614,-23.6678,100,1.66,90
392,puquio,9.55,-74.1333,-14.7,0,1.72,57
393,qaqortoq,0.3,-46.0333,60.7167,100,2.47,99
394,nyandoma,0.07,40.1991,61.669,38,1.55,96
395,faya-largeau,26.5,19.1043,17.9257,75,5.57,12
396,igurubi,17.94,33.7,-4.0,65,2.18,94
397,jutai,24.09,-68.9,-5.1833,96,0.56,98
398,sihanoukville,32.97,103.5296,10.6093,40,3.6,62
399,kailua-kona,23.5,-155.9956,19.6406,100,7.72,87
400,iskateley,-7.77,53.1512,67.6803,100,7.15,95
401,sikonge,17.26,32.7667,-5.6333,98,1.76,96
402,debre mark'os,15.31,37.7333,10.35,99,1.48,45
403,riacho de santana,23.94,-42.9389,-13.6092,100,5.28,73
404,tabou,28.06,-7.3528,4.423,100,2.99,83
405,lardero,7.4,-2.4615,42.4269,75,2.06,76
406,davyd-haradok,4.46,27.2161,52.0566,99,1.76,95
407,tofol,30.88,163.0078,5.3248,75,4.63,70
408,labrador city,-1.01,-66.9114,52.9463,75,2.68,74
409,sabang,28.76,95.3214,5.8933,91,3.18,77
410,khorugh,6.16,71.553,37.4897,99,1.44,83
411,china,25.07,-99.2333,25.7,100,12.7,77
412,varna,18.08,27.9167,43.2167,18,2.06,52
413,bintulu,31.23,113.0333,3.1667,40,1.54,74
414,north bondi,22.83,151.2769,-33.8824,40,5.14,71
415,taroa,27.75,171.2275,8.7058,14,6.27,79
416,taulaga,27.2,-171.0883,-11.0553,100,1.89,81
417,mugia,13.28,-9.2179,43.1041,66,7.96,77
418,kavieng,29.7,150.7967,-2.5744,16,2.21,72
419,tomatlan,21.89,-105.25,19.9333,100,0.75,73
420,betio village,30.02,172.9211,1.358,5,2.66,66
421,chita,8.94,113.55,52.0333,29,1.0,46
422,qacha's nek,7.59,28.6894,-30.1154,74,0.93,84
423,seoni,32.82,79.5333,22.0833,8,1.51,30
424,hadibu,26.65,54.0333,12.65,93,3.34,79
425,muisne,25.12,-80.0333,0.6,89,1.46,90
426,kyosai,19.98,128.5886,34.8503,42,5.36,82
427,hays,21.57,-98.0336,30.0502,100,4.02,87
428,arica,19.13,-70.3042,-18.475,0,0.0,77
429,callao,21.16,-77.15,-12.0667,0,7.2,78
430,gouyave,27.43,-61.7296,12.1646,20,5.66,78
431,norfolk,11.61,-71.2495,42.1668,100,2.06,70
432,encarnacion,22.01,-55.9,-27.3333,100,2.32,99
433,kiunga,34.11,141.2906,-6.1219,97,0.34,51
434,bangui,24.1,18.555,4.3612,95,1.54,78
435,hell-ville,24.93,48.2667,-13.4,40,0.0,77
436,kelibia,18.14,11.0939,36.8476,20,1.54,88
437,vada,4.89,5.6667,51.97,40,5.66,89
438,port lincoln,18.2,135.8667,-34.7333,2,3.98,60
439,praia da vitoria,16.14,-27.0667,38.7333,100,9.76,100
440,road town,26.65,-64.6167,18.4167,16,8.19,81
441,bokani,29.1,5.2,9.4333,100,0.94,58
442,bairnsdale,20.59,147.6167,-37.8333,97,0.89,60
443,junagarh,36.14,82.9333,19.8667,0,1.97,27
444,porto novo,29.9,2.6036,6.4965,98,2.1,82
445,mbandaka,23.8,18.2603,0.0487,97,1.0,89
446,marijampole,2.27,23.35,54.5667,92,3.28,80
447,kolonia town,31.0,158.206,6.964,100,5.14,79
448,funafuti,30.0,179.1942,-8.5243,75,2.57,84
449,dunedin,12.11,170.5036,-45.8742,100,2.24,95
450,frolovo,9.66,43.6622,49.7713,100,3.58,81
451,goulburn,19.32,149.7167,-34.75,0,0.89,42
452,swakopmund,15.75,14.5333,-22.6833,9,3.69,68
453,tanumah,16.75,44.1333,27.1,77,6.8,63
454,tangalle,29.09,80.7911,6.024,98,3.53,74
455,visakhapatnam,32.14,83.2093,17.69,0,5.24,48
456,tacna,17.11,-70.2483,-18.0056,20,1.03,77
457,harper,27.69,-7.7169,4.375,89,3.0,85
458,zelenikovo,13.03,21.5869,41.8867,0,1.03,82
459,guerrero negro,15.66,-114.0611,27.9769,66,9.16,74
460,westport,14.35,-73.3579,41.1415,0,5.14,49
461,gizo,28.93,156.8419,-8.103,99,1.77,75
462,ishigaki,30.07,124.1572,24.3448,40,3.09,84
463,la passe,9.67,-0.8967,45.5549,100,6.21,71
464,geiro,16.22,36.8667,-6.15,100,0.56,98
465,madison,19.64,-86.5667,34.7334,75,0.0,76
466,howrah,32.0,88.3103,22.5892,40,3.6,66
467,tolanaro,21.04,46.9987,-25.0319,75,6.17,94
468,manaure,26.61,-72.4445,11.7751,2,6.22,78
469,kish,19.15,54.0194,26.5578,100,6.17,94
470,padang,32.03,100.3543,-0.9492,63,1.43,74
471,zhangjiakou,15.13,114.8794,40.81,95,1.49,13
472,goz beida,26.11,20.55,13.95,38,3.37,12
473,bandrele,27.86,45.1914,-12.9067,40,2.57,89
474,ilha de mocambique,25.68,40.7358,-15.0342,99,6.44,77
475,letlhakeng,15.43,25.0298,-24.0944,5,4.53,77
476,remire-montjoly,28.02,-52.2667,4.9167,75,4.12,83
477,fasa,11.58,53.6482,28.9383,100,3.09,94
478,el abiodh sidi cheikh,12.18,0.5484,32.893,0,7.47,60
479,praya,28.3,-23.5087,14.9215,0,3.09,24
480,pangoa,21.95,-73.0,-12.1167,83,1.26,98
481,micheweni,26.13,39.8333,-4.9667,97,7.15,83
482,zhosaly,15.98,64.0781,45.4878,100,2.43,37
483,matoury,27.98,-52.3317,4.8483,75,4.12,83
484,lyozna,1.45,30.7956,55.0249,43,2.45,94
485,sosnovo-ozerskoye,12.13,111.5418,52.5249,31,4.46,42
486,klungkung,29.98,115.4,-8.5333,50,2.75,73
487,urzhar,16.73,81.6294,47.093,100,0.47,53
488,marietta,19.4,-84.5499,33.9526,75,1.54,64
489,luau,18.51,22.2247,-10.7073,84,1.63,97
490,port douglas,25.94,145.4667,-16.4833,95,7.83,88
491,la mira,23.57,-102.3266,18.035,84,0.31,82
492,qarazhal,12.83,70.7903,48.0078,25,1.35,57
493,kasongo-lunda,22.21,16.8167,-6.4667,85,0.47,98
494,stung treng,37.59,105.9683,13.5259,12,1.22,34
495,fort-shevchenko,12.48,50.263,44.5086,74,6.12,80
496,voi,21.59,38.563,-3.3945,98,1.63,83
497,pokhara,30.29,83.9833,28.2333,93,1.85,23
498,merowe,21.57,31.8167,18.4833,5,4.17,17
499,bondo,21.6,23.6866,3.8146,100,0.35,93
500,portland,9.76,-122.6762,45.5234,75,6.69,62
501,selfoss,-0.53,-20.9971,63.9331,3,4.36,63
502,valentin gomez farias,18.78,-106.5833,28.2167,37,5.98,8
503,mount airy,18.85,-80.6073,36.4993,40,0.0,60
504,kingston,27.53,-76.7936,17.997,20,2.57,78
505,kuanda,3.15,116.0806,56.3161,94,0.55,53
506,starobaltachevo,8.43,55.9213,56.0013,100,4.81,91
507,daman,31.56,72.85,20.4167,3,5.72,45
508,hubynykha,12.3,35.2547,48.8108,36,2.54,85
509,igarka,-16.66,86.5833,67.4667,90,3.58,91
510,kuala terengganu,29.97,103.1408,5.3302,40,1.54,79
511,vila franca do campo,18.27,-25.4333,37.7167,100,6.37,99
512,aral,20.4,81.2636,40.5156,100,1.22,11
513,dolbeau-mistassini,0.26,-72.212,48.8763,99,4.0,87
514,dakhla,21.01,-15.958,23.6848,0,5.13,56
515,shache,18.63,77.2406,38.4167,100,6.54,18
516,paita,22.65,-81.1144,-5.0892,72,6.53,74
517,durban,19.51,31.0292,-29.8579,100,3.28,90
518,ulanhot,16.16,122.0833,46.0833,0,6.32,18
519,quellon,12.09,-73.6167,-43.1167,100,3.87,92
520,natal,27.12,-35.2094,-5.795,20,2.57,94
521,karratha,31.09,116.8463,-20.7377,20,1.44,45
522,pariaman,32.03,100.12,-0.619,100,1.02,77
523,baoying,24.01,119.3092,33.2292,95,4.89,51
524,kievka,9.22,71.5514,50.2619,20,1.4,69
525,suoyarvi,1.2,32.35,62.0833,100,3.09,93
526,argo,19.28,22.7333,37.6333,100,1.31,45
527,oleksandrivka,10.96,32.2349,48.9634,77,3.03,94
528,susanville,10.89,-120.653,40.4163,0,3.6,46
529,rasskazovo,7.46,41.9033,52.6714,97,4.99,70
530,nyala,24.17,24.8833,12.05,2,6.25,13
531,luba,27.71,8.5547,3.4568,94,2.55,85
532,panaba,24.59,-88.2667,21.2833,7,5.75,66
533,chapaev,10.34,51.1667,50.2,100,3.57,82
534,turkmenbasy,11.43,52.9552,40.0222,0,2.06,87
535,port-gentil,27.92,8.7815,-0.7193,99,3.77,84
536,mozarlandia,25.09,-50.5706,-14.7447,100,2.0,71
537,timimoun,19.21,0.231,29.2639,0,3.09,32
538,marsh harbour,22.19,-77.0636,26.5412,2,6.08,66
539,lapai,28.06,6.5667,9.05,93,1.57,67
540,kidal,21.81,1.4078,18.4411,100,5.61,20
541,as sanad,14.14,9.264,34.4628,67,2.01,73
542,san rafael,12.91,-68.3301,-34.6177,99,4.17,68
543,malmslatt,1.43,15.5165,58.411,75,3.09,89
544,calca,11.64,-71.95,-13.3333,25,1.96,89
545,vorkuta,-1.61,64.0,67.5,100,6.71,95
546,donmatias,16.34,-75.395,6.4857,97,0.6,98
547,port hedland,36.03,118.5667,-20.3167,40,2.57,28
548,hami,23.22,93.45,42.8,55,0.88,10
549,aniva,20.06,142.5294,46.7144,98,2.75,60
550,khovd,12.31,91.6419,48.0056,44,0.29,32
551,santyoku,17.14,129.1708,37.4406,69,2.85,63
552,bardai,27.55,7.2333,11.65,70,3.16,20
553,geraldton,31.23,114.6,-28.7667,0,6.17,27
554,san luis,10.56,-66.3356,-33.295,100,3.92,88
555,novo aripuana,24.43,-60.3797,-5.1206,99,0.91,98
556,cunen,15.55,-91.0269,15.3375,22,0.98,86
557,olinda,26.85,-34.8553,-8.0089,75,2.57,94
558,bariadi,17.46,33.9833,-2.8,99,2.5,94
559,boali,27.15,18.1275,4.8005,100,1.94,59
560,nuku'alofa,29.19,-175.2,-21.1333,20,4.12,74
561,tralee,7.73,-9.7026,52.2704,99,9.0,74
562,villa altagracia,20.97,-70.171,18.673,98,1.7,98
563,mata-utu,29.35,-176.1745,-13.2816,55,6.64,77
564,cruzeiro do sul,22.44,-51.9853,-29.5128,100,1.63,98
565,solone,12.81,34.8721,48.2081,4,5.02,82
566,pimentel,21.16,-79.9342,-6.8367,0,7.72,83
567,port saint john's,20.54,29.5448,-31.6229,95,5.76,92
568,chernyshevskiy,-0.16,112.4714,63.0128,100,2.18,100
569,summerside,7.07,-63.7876,46.3959,45,3.6,100
570,naberera,16.35,36.9333,-4.2,100,0.45,95
571,maibong,33.23,93.1667,25.3,96,1.62,28
572,corfu,16.88,19.9197,39.62,40,0.0,88
573,chishmy,10.13,55.3764,54.5765,100,5.26,75
574,tazacorte,18.54,-17.9293,28.629,0,4.12,88
575,rivne,8.8,26.2274,50.6231,100,3.09,96
